RK,NAME,TEAM,POS,GMS,PTS,REB,AST,BLK,STL,FGP,FTP,3PP,FTM,2PM,3PM,TO,MIN,DD2,TD3,FPTS
1,Nikola Jokic,DEN,C,72,1898,780,599,48,95,56.6,86.8,38.8,342,640,92,223,2488,60,16,3795.5
2,Russell Westbrook,WAS,PG,65,1445,750,763,23,89,43.9,65.6,31.5,271,458,86,312,2368,59,38,3401.5
3,Luka Doncic,DAL,PG,66,1830,527,567,36,64,47.9,73,35,344,455,192,281,2262,26,11,3231.9
4,Julius Randle,NY,PF,71,1712,723,427,18,64,45.6,81.1,41.1,348,442,160,241,2666,41,6,3143.1
5,Giannis Antetokounmpo,MIL,PF,61,1717,671,357,73,72,56.9,68.5,30.3,398,559,67,207,2006,41,7,3140.7
6,Nikola Vucevic,CHI,C,70,1639,818,269,48,65,47.7,84,39.9,131,490,176,126,2348,48,2,3124.1
7,Damian Lillard,POR,PG,68,1926,283,505,17,62,45.1,92.7,39.1,447,327,275,203,2398,16,0,2978.1
8,Stephen Curry,GS,PG,63,2015,345,363,8,77,48.2,91.6,42.1,362,321,337,213,2151,8,0,2930.5
9,Domantas Sabonis,IND,C,62,1260,742,415,33,76,53.5,73.2,32.1,240,432,52,213,2231,48,9,2777.9
10,Jayson Tatum,BOS,SF,64,1692,472,276,31,75,45.9,86.8,38.6,295,418,187,171,2289,15,1,2713.4
11,Trae Young,ATL,PG,63,1594,245,594,12,53,43.8,88.6,34.3,484,351,136,261,2124,28,0,2648
12,Rudy Gobert,UTA,C,71,1015,962,89,190,40,67.5,62.3,0,233,391,0,118,2186,49,0,2644.9
13,Bradley Beal,WAS,SG,61,1878,283,265,22,69,48.5,88.9,34.9,408,540,130,187,2147,4,0,2610.1
14,Zion Williamson,NO,PF,61,1647,441,226,39,57,61.1,69.8,29.4,369,624,10,167,2025,14,0,2540.2
15,Chris Paul,PHO,PG,70,1149,311,622,19,99,49.9,93.4,39.5,169,337,102,156,2199,25,1,2535.2
16,Bam Adebayo,MIA,C,64,1197,573,346,66,75,57,79.9,25,283,454,2,169,2142,33,2,2516.6
17,Khris Middleton,MIL,SF,68,1385,406,370,9,74,47.6,89.8,41.4,212,360,151,178,2272,10,0,2415.2
18,Devin Booker,PHO,SG,67,1712,281,289,16,53,48.4,86.7,34,340,497,126,207,2270,1,0,2413.7
19,Joel Embiid,PHI,C,51,1451,538,145,69,50,51.3,85.9,37.7,471,403,58,159,1585,30,0,2393.1
20,Clint Capela,ATL,C,64,956,903,49,129,44,59.4,57.3,0,130,413,0,73,1899,48,1,2386.1
21,De'Aaron Fox,SAC,PG,58,1461,203,417,27,87,47.7,71.9,32.2,300,426,103,174,2036,11,0,2384.1
22,Kyrie Irving,BKN,PG,54,1451,257,324,37,76,50.6,92.2,40.2,201,397,152,130,1876,8,0,2341.4
23,Terry Rozier,CHA,PG,69,1407,302,293,26,87,45,81.7,38.9,165,288,222,128,2383,5,0,2306.9
24,Zach LaVine,CHI,SG,58,1591,289,282,27,46,50.7,84.9,41.9,253,369,200,203,2033,3,0,2303.8
25,DeMar DeRozan,SA,SG,61,1316,259,422,15,56,49.5,88,25.7,387,436,19,119,2056,13,0,2282.8
26,Dejounte Murray,SA,PG,67,1051,473,363,7,101,45.3,79.1,31.7,106,378,63,117,2139,13,4,2262.1
27,Brandon Ingram,NO,SF,61,1450,299,296,36,42,46.6,87.8,38.1,281,370,143,153,2092,4,0,2255.8
28,Jimmy Butler,MIA,SG,52,1116,360,369,18,108,49.7,86.3,24.5,359,341,25,109,1744,17,4,2244.5
29,Karl-Anthony Towns,MIN,C,50,1239,529,225,57,39,48.6,85.9,38.7,267,303,122,160,1688,33,0,2243.3
30,Jonas Valanciunas,MEM,C,62,1058,776,112,57,35,59.2,77.3,36.8,157,419,21,100,1755,49,0,2241.2
31,James Harden,BKN,SG,44,1083,348,475,33,53,46.6,86.1,36.2,278,221,121,177,1608,32,12,2208.1
32,Kawhi Leonard,LAC,SF,52,1292,337,269,21,81,51.2,88.5,39.8,261,364,101,105,1772,9,0,2198.9
33,Jaylen Brown,BOS,SG,58,1430,347,195,32,72,48.4,76.4,39.7,191,375,163,158,1998,10,0,2188.9
34,Anthony Edwards,MIN,SG,72,1392,336,211,35,82,41.7,77.6,32.9,211,334,171,160,2314,3,0,2185.7
35,Deandre Ayton,PHO,C,69,997,728,99,81,41,62.6,76.9,20,133,426,4,103,2114,33,0,2160.1
36,Tobias Harris,PHI,SF,62,1210,419,220,51,55,51.2,89.2,39.4,182,391,82,107,2014,11,0,2147.8
37,Ja Morant,MEM,PG,63,1204,252,465,13,57,44.9,72.8,30.3,271,357,73,203,2052,14,1,2140.9
38,Andrew Wiggins,GS,SF,71,1320,347,167,70,67,47.7,71.4,38,170,365,140,126,2364,3,0,2134.9
39,Pascal Siakam,TOR,PF,56,1196,405,250,38,64,45.5,82.7,29.7,249,364,73,130,2006,13,1,2131
40,Paul George,LAC,SF,54,1259,359,280,24,62,46.7,86.8,41.1,198,274,171,179,1820,9,0,2102.8
41,RJ Barrett,NY,SG,72,1264,414,217,20,53,44.1,74.6,40.1,206,343,124,140,2510,5,0,2092.3
42,Donovan Mitchell,UTA,SG,53,1401,235,277,15,52,43.8,84.5,38.6,267,300,178,147,1771,2,0,2085.5
43,Collin Sexton,CLE,PG,60,1460,187,262,10,63,47.5,81.5,37.1,312,427,98,167,2115,1,0,2056.4
44,Malcolm Brogdon,IND,PG,56,1186,294,329,15,49,45.4,86.4,38.8,153,299,145,115,1929,6,0,2045.3
45,LeBron James,LAL,SF,45,1126,346,350,25,48,51.3,69.8,36.5,178,318,104,168,1503,18,5,2044.2
46,Jrue Holiday,MIL,PG,59,1046,268,357,37,96,50.3,78.7,39.2,107,303,111,127,1909,10,0,2042.1
47,Buddy Hield,SAC,SG,71,1176,334,257,30,63,40.6,84.6,39.1,88,121,282,130,2432,2,0,2018.3
48,Ben Simmons,PHI,PG,58,829,417,401,35,93,55.7,61.3,30,176,322,3,173,1877,13,4,2013.9
49,Enes Kanter,POR,C,72,806,795,84,48,33,60.4,77.4,25,127,338,1,78,1757,34,0,1970
50,Kelly Olynyk,HOU,C,70,945,489,203,42,79,48.4,82.9,34.2,145,211,126,126,1997,12,0,1952.3
51,Draymond Green,GS,PF,63,444,449,558,52,105,44.7,79.5,27,70,136,34,188,1981,17,6,1945.8
52,Fred Vanvleet,TOR,PG,52,1019,220,328,37,87,38.9,88.5,36.6,169,164,174,95,1898,5,0,1928
53,Michael Porter Jr.,DEN,PF,61,1162,445,70,54,40,54.2,79.1,44.5,106,273,170,77,1912,15,0,1912
54,Kyle Anderson,MEM,SF,69,854,396,250,57,84,46.8,78.3,36,144,214,94,86,1887,3,0,1900.2
55,John Collins,ATL,PF,63,1111,467,78,63,34,55.6,83.3,39.9,170,346,83,84,1848,16,0,1898.4
56,Jarrett Allen,CLE,C,63,806,631,106,90,32,61.8,70.3,31.6,204,292,6,100,1863,25,0,1866.2
57,Thaddeus Young,CHI,PF,68,823,422,291,40,74,55.9,62.8,26.7,71,358,12,136,1652,7,0,1857.9
58,Jordan Clarkson,UTA,PG,68,1251,273,168,10,60,42.5,89.6,34.7,129,249,208,114,1817,0,0,1856.6
59,Coby White,CHI,PG,69,1041,283,328,15,38,41.6,90.1,35.9,128,212,163,156,2155,5,0,1822.6
60,Richaun Holmes,SAC,PF,61,869,504,101,96,39,63.7,79.4,18.2,135,364,2,75,1781,21,0,1820.3
61,Norman Powell,POR,SF,69,1283,215,129,18,82,47.7,87.1,41.1,236,267,171,119,2205,0,0,1815.5
62,Jerami Grant,DET,SF,54,1205,249,152,58,35,42.9,84.5,35,290,285,115,108,1829,3,0,1809.8
63,Mikal Bridges,PHO,SF,72,970,309,152,63,76,54.3,84,42.5,110,229,134,57,2347,2,0,1789.8
64,T.J. McConnell,IND,PG,69,596,256,456,23,128,55.9,68.8,31.2,33,259,15,135,1796,5,1,1754.2
65,Bojan Bogdanovic,UTA,SF,72,1225,281,136,4,45,43.9,87.9,39,233,226,180,128,2215,0,0,1736.2
66,PJ Washington,CHA,PF,64,824,418,161,79,69,44,74.5,38.6,108,190,112,128,1953,10,0,1735.1
67,Dennis Schroder,LAL,PG,61,942,211,351,13,70,43.7,84.8,33.5,207,261,71,163,1956,6,0,1724.7
68,Harrison Barnes,SAC,SF,58,933,385,201,11,43,49.7,83,39.1,195,219,100,93,2102,6,0,1711.5
69,Dillon Brooks,MEM,SF,67,1151,196,157,26,78,41.9,81.5,34.4,159,304,128,119,1996,0,0,1710.7
70,C.J. McCollum,POR,SG,47,1087,185,223,21,44,45.8,81.2,40.2,108,236,169,65,1599,2,0,1708.5
71,Jakob Poeltl,SA,C,69,593,547,134,123,47,61.6,50.8,0,63,265,0,83,1845,15,0,1707.4
72,Lonzo Ball,NO,PG,55,802,263,316,31,82,41.4,78.1,37.8,50,118,172,123,1747,5,1,1694.6
73,LaMelo Ball,CHA,PG,51,803,302,313,18,81,43.6,75.8,35.2,125,201,92,145,1468,7,1,1687.9
74,Montrezl Harrell,LAL,PF,69,931,428,73,49,46,62.2,70.7,0,181,375,0,74,1580,8,0,1670.1
75,Caris Levert,IND,SG,47,948,214,244,30,66,44.1,81.1,32.6,146,275,84,102,1485,6,0,1660.8
76,Jae'sean Tate,HOU,SF,70,794,374,178,36,85,50.6,69.4,30.8,102,256,60,98,2042,3,0,1653.8
77,Tim Hardaway Jr.,DAL,SF,70,1163,229,126,11,31,44.7,81.6,39.1,142,200,207,64,1985,0,0,1646.8
78,Jamal Murray,DEN,PG,48,1018,194,231,13,64,47.7,86.9,40.8,133,249,129,108,1703,1,0,1643.3
78,Chris Boucher,TOR,PF,60,818,404,63,111,35,51.4,78.8,38.3,152,198,90,46,1452,12,0,1643.3
80,Robert Covington,POR,SF,70,593,466,117,83,101,40.1,80.6,37.9,50,69,135,64,2242,6,0,1631.7
81,Miles Bridges,CHA,SF,66,840,397,147,52,44,50.3,86.7,40,98,197,116,106,1931,11,0,1622.9
82,Eric Bledsoe,NO,PG,71,869,244,268,24,55,42,68.7,34.1,134,186,121,112,2111,4,0,1609.8
83,Keldon Johnson,SA,SF,69,881,412,121,24,40,47.9,74,33.1,145,278,60,78,1967,8,0,1606.9
84,Kyle Kuzma,LAL,PF,68,874,417,127,41,35,44.3,69.1,36.1,67,198,137,113,1954,13,0,1603.9
85,Ricky Rubio,MIN,PG,68,582,223,433,4,98,38.8,86.7,30.8,130,127,66,111,1771,4,0,1592.1
86,Andre Drummond,LAL,C,46,687,551,94,49,63,49.3,60,0,123,282,0,124,1241,28,0,1589.2
87,Mason Plumlee,DET,C,56,581,519,202,50,43,61.4,66.9,0,113,234,0,105,1498,16,2,1587.8
88,Kyle Lowry,TOR,PG,46,791,247,338,14,45,43.6,87.5,39.6,140,129,131,126,1601,9,2,1586.4
89,Kevin Huerter,ATL,SG,69,822,231,241,18,82,43.2,78.1,36.3,50,176,140,79,2125,3,0,1581.7
90,Joe Ingles,UTA,SF,67,809,244,318,12,45,48.9,84.4,45.1,76,92,183,117,1866,2,0,1575.8
91,Brook Lopez,MIL,C,70,859,347,50,103,40,50.3,84.5,33.8,120,227,95,64,1906,3,0,1572.4
92,Darius Garland,CLE,PG,54,941,129,329,6,66,45.1,84.8,39.5,112,257,105,164,1789,6,0,1569.3
93,Delon Wright,SAC,PG,63,645,269,278,30,101,46.3,80.2,37.2,101,176,64,83,1747,3,0,1563.8
94,Mike Conley,UTA,PG,51,827,177,305,9,70,44.4,85.2,41.2,121,146,138,99,1497,6,0,1555.9
95,Kevin Durant,BKN,SF,35,943,247,195,45,25,53.7,88.2,45,210,239,85,120,1158,12,0,1551.9
96,Tyrese Haliburton,SAC,PG,58,753,173,309,28,77,47.2,85.7,40.9,48,171,121,92,1745,5,0,1542.1
97,Donte Divincenzo,MIL,SG,66,688,380,203,15,72,42,71.8,37.9,51,122,131,91,1809,5,0,1531.5
98,Kristaps Porzingis,DAL,PF,43,865,381,68,58,20,47.6,85.5,37.6,118,228,97,51,1326,16,0,1529.2
99,Joe Harris,BKN,SF,69,974,248,130,14,46,50.5,77.8,47.5,49,146,211,62,2136,0,0,1524.6
100,Christian Wood,HOU,PF,41,860,395,71,48,34,51.4,63.1,37.4,125,252,77,80,1325,19,0,1524.5
101,Bobby Portis,MIL,PF,66,754,466,71,26,52,52.3,74,47.1,54,239,74,56,1372,12,0,1519.7
102,Ivica Zubac,LAC,C,72,650,519,90,62,24,65.2,78.9,25,135,256,1,81,1608,13,0,1498.8
103,Gordon Hayward,CHA,SF,44,863,258,181,14,52,47.3,84.3,41.5,156,226,85,91,1496,2,0,1485.1
104,Jalen Brunson,DAL,PG,68,857,231,239,1,35,52.3,79.5,40.5,120,247,81,80,1697,1,0,1484.7
105,Kelly Oubre Jr.,GS,SF,55,849,329,73,42,57,43.9,69.5,31.6,123,228,90,70,1687,6,0,1481.3
106,Duncan Robinson,MIA,SF,72,942,250,127,20,43,43.9,82.7,40.8,62,65,250,81,2261,1,0,1477.5
107,Devonte' Graham,CHA,PG,55,816,148,295,6,48,37.7,84.2,37.5,133,73,179,84,1658,3,0,1460.1
108,Saddiq Bey,DET,SF,70,857,318,95,14,52,40.4,84.4,38,124,104,175,60,1909,3,0,1453.1
109,Carmelo Anthony,POR,PF,69,926,214,104,38,46,42.1,89.1,40.9,139,194,133,61,1688,0,0,1445.8
110,Royce O'Neale,UTA,SF,71,496,485,181,32,57,44.4,84.8,38.5,39,68,107,83,2240,3,0,1444.5
111,Naz Reid,MIN,C,70,784,322,72,76,34,52.3,69.3,35.1,115,243,61,69,1346,1,0,1429.4
112,Anthony Davis,LAL,PF,36,785,286,110,59,45,49.1,73.7,26,157,275,26,74,1161,12,0,1427.2
113,Justin Holiday,IND,SG,72,756,256,119,41,74,41.3,78.8,38.2,67,85,173,54,2183,0,0,1417.7
114,Tyler Herro,MIA,PG,54,815,267,184,17,35,43.9,80.3,36,94,200,107,101,1635,5,0,1414.4
115,Josh Jackson,DET,SF,62,828,254,143,47,53,41.9,72.9,30,159,219,77,142,1559,2,0,1405.3
116,John Wall,HOU,PG,40,823,129,275,31,42,40.4,74.9,31.7,158,214,79,141,1288,7,1,1395.3
117,Kemba Walker,BOS,PG,43,829,170,212,12,48,42,89.9,36,134,157,127,88,1369,0,0,1383
118,Danny Green,PHI,SG,69,654,260,118,56,92,41.2,77.5,40.5,31,49,175,67,1934,1,0,1372
119,Wendell Carter Jr.,ORL,C,54,606,443,104,42,35,50.3,73.2,29.4,131,215,15,78,1375,13,0,1369.6
120,Darius Bazley,OKC,PF,55,754,396,99,25,29,39.6,70.2,29,125,190,83,122,1714,11,0,1363.7
121,Myles Turner,IND,C,47,592,306,48,159,40,47.7,78.2,33.5,111,137,69,67,1455,7,0,1362.2
122,Isaiah Stewart,DET,C,68,537,453,59,86,39,55.3,69.6,33.3,64,205,21,67,1454,8,0,1352.1
123,Daniel Theis,CHI,C,65,627,356,108,57,41,54.1,67.3,32.2,74,203,49,66,1600,6,0,1346.2
124,Dwight Howard,PHI,C,69,482,580,61,62,30,58.7,57.6,25,121,173,5,112,1195,12,0,1341.5
125,Brandon Clarke,MEM,PF,59,610,328,95,51,60,51.7,69,26,78,236,20,33,1414,3,0,1335.1
126,Shai Gilgeous-Alexander,OKC,SG,35,830,166,207,23,27,50.8,80.8,41.8,185,216,71,106,1179,3,0,1333.7
127,Marcus Smart,BOS,PG,48,627,167,273,23,72,39.8,79,33,128,110,93,96,1581,3,0,1330.9
128,Steven Adams,NO,C,58,438,514,111,38,54,61.4,44.4,0,60,189,0,79,1604,13,1,1326.3
129,Rui Hachimura,WAS,PF,57,789,312,82,7,44,47.8,77,32.8,124,265,45,68,1797,3,0,1320.4
130,Patrick Williams,CHI,SF,71,655,327,99,46,64,48.3,72.8,39.1,91,201,54,98,1983,3,0,1317.9
131,Rudy Gay,SA,SF,63,716,303,88,40,45,42,80.4,38.1,82,158,106,65,1357,1,0,1316.6
132,D'Angelo Russell,MIN,PG,42,796,111,244,18,45,43.1,76.5,38.7,114,161,120,112,1196,6,0,1309.2
133,Kendrick Nunn,MIA,PG,56,816,179,148,14,53,48.5,93.3,38.1,56,197,122,80,1650,0,0,1306.8
134,Will Barton,DEN,SG,56,711,226,181,23,50,42.6,78.5,38.1,95,161,98,96,1735,0,0,1303.7
135,Nicolas Batum,LAC,SG,67,540,316,148,37,69,46.4,82.8,40.4,48,81,110,53,1834,1,0,1300.2
136,Jeff Green,BKN,SF,68,750,263,108,27,36,49.2,77.6,41.2,125,158,103,54,1828,0,0,1299.6
137,Shake Milton,PHI,SG,63,817,148,193,18,39,45,83,35,146,229,71,103,1460,0,0,1295.1
138,Doug McDermott,IND,SF,66,899,221,85,6,20,53.2,81.6,38.8,80,243,111,53,1619,0,0,1290.7
139,Gary Trent Jr.,TOR,SG,58,888,152,80,10,56,40.8,78.3,38.5,83,155,165,43,1801,0,0,1279.4
140,Reggie Jackson,LAC,PG,67,715,192,205,7,42,45,81.7,43.3,67,141,122,74,1544,0,0,1276.9
141,Josh Richardson,DAL,SF,59,715,195,153,24,61,42.7,91.7,33,99,176,88,79,1789,0,0,1269.5
142,Bruce Brown,BKN,SG,65,573,349,104,28,58,55.6,73.5,28.8,86,218,17,54,1449,6,0,1265.8
143,Derrick Rose,NY,PG,50,734,130,209,19,49,47,86.6,38.8,110,237,50,78,1278,1,0,1261.5
144,Lou Williams,ATL,SG,66,749,138,225,6,47,41,86.7,39.9,150,196,69,108,1422,2,0,1250.1
145,Dwayne Bacon,ORL,SF,72,788,225,93,5,44,40.3,82.4,28.6,145,233,59,46,1852,0,0,1249.5
146,Théo Maledon,OKC,PG,65,658,211,227,11,55,36.8,74.8,33.5,101,121,105,141,1777,1,0,1242.7
147,Dorian Finney-Smith,DAL,SF,60,590,326,102,25,52,47.2,75.6,39.4,31,101,119,48,1920,1,0,1240.2
148,Nerlens Noel,NY,C,64,324,408,46,141,70,61.4,71.4,0,50,137,0,65,1546,2,0,1239.6
149,Aaron Gordon,DEN,PF,50,618,284,161,34,33,46.3,65.1,33.5,97,172,59,96,1383,3,1,1238.3
150,Khem Birch,TOR,C,67,482,387,89,50,48,49.7,70.5,25,91,176,13,44,1529,6,0,1231.9
151,OG Anunoby,TOR,SF,43,682,237,94,31,66,48,78.4,39.8,80,145,104,75,1433,3,0,1226.4
152,Jae Crowder,PHO,PF,60,603,281,127,27,48,40.4,76,38.9,57,51,148,55,1648,0,0,1225.7
153,Elfrid Payton,NY,PG,63,639,216,203,9,47,43.2,68.2,28.6,73,241,28,103,1484,0,0,1211.7
154,Reggie Bullock,NY,SF,65,709,223,99,11,52,44.2,90.9,41,50,85,163,45,1949,0,0,1206.1
155,Robert Williams III,BOS,PF,52,417,358,94,91,43,72.1,61.6,0,45,186,0,52,985,4,0,1203.6
156,Bogdan Bogdanovic,ATL,SG,44,720,160,147,13,49,47.3,90.9,43.8,40,121,146,54,1305,0,0,1202.5
157,Marcus Morris,LAC,PF,57,765,234,58,15,34,47.3,82,47.3,73,136,140,57,1501,0,0,1173.8
158,Isaac Okoro,CLE,SF,67,646,206,128,24,62,42,72.6,29,114,173,62,86,2173,1,0,1171.2
159,Kentavious Caldwell-Pope,LAL,SG,67,653,179,127,26,62,43.1,86.6,41,97,98,120,66,1902,1,0,1168.3
160,Isaiah Roby,OKC,PF,61,533,341,107,37,52,48.3,74.4,29.4,87,175,32,113,1425,3,0,1167.7
161,Goran Dragic,MIA,PG,50,672,169,219,8,33,43.2,82.8,37.3,101,149,91,118,1336,1,0,1167.3
162,Cedi Osman,CLE,SF,59,613,201,174,9,53,37.4,80,30.6,76,120,99,80,1510,2,0,1159.2
163,DeAndre Jordan,BKN,C,57,426,427,93,65,17,76.3,50,0,46,190,0,85,1238,6,0,1156.9
164,Kenrich Williams,OKC,PF,66,526,273,152,17,56,53.3,57.1,44.4,36,167,52,76,1425,0,0,1151.6
165,Cole Anthony,ORL,PG,47,605,221,192,18,30,39.7,83.2,33.7,109,161,58,106,1272,0,0,1148.2
166,Evan Fournier,BOS,SF,42,719,128,144,19,47,45.7,78.8,41.3,108,130,117,73,1258,0,0,1147.6
167,Seth Curry,PHI,SG,57,711,137,155,8,44,46.7,89.6,45,69,132,126,65,1638,0,0,1146.9
168,Patty Mills,SA,PG,68,736,116,162,3,42,41.2,91,37.5,71,91,161,66,1684,0,0,1142.2
169,Luguentz Dort,OKC,SF,52,729,189,88,19,45,38.7,74.4,34.3,122,134,113,79,1543,0,0,1136.8
170,Hamidou Diallo,DET,SG,52,604,272,101,24,41,47.7,64,34.1,128,196,28,76,1226,7,0,1135.9
171,Terrence Ross,ORL,SG,46,717,158,108,21,47,41.2,87,33.7,120,165,89,73,1346,0,0,1131.6
172,Talen Horton-Tucker,LAL,PG,65,585,169,181,21,63,45.9,77.5,28.2,100,187,37,105,1304,4,0,1122.3
173,Lauri Markkanen,CHI,PF,51,695,268,45,15,26,48,82.6,40.2,76,131,119,52,1317,2,0,1114.1
174,Immanuel Quickley,NY,PG,64,731,137,127,12,30,39.5,89.1,38.9,155,111,118,58,1243,0,0,1111.9
175,Desmond Bane,MEM,SG,68,625,210,118,16,41,46.9,81.6,43.2,40,117,117,59,1518,0,0,1109
176,Cory Joseph,DET,PG,63,517,160,213,18,61,46.9,81.8,34.1,72,155,45,78,1446,2,0,1108.5
177,Victor Oladipo,MIA,SG,33,652,160,151,14,46,40.8,75.4,32.6,104,157,78,83,1080,0,0,1107.5
178,Josh Hart,NO,SG,47,434,377,109,12,38,43.9,77.5,32.6,69,88,63,50,1349,7,0,1099.9
179,Pat Connaughton,MIL,SG,69,468,332,81,23,49,43.4,77.5,37.1,31,67,101,33,1580,0,0,1098.9
180,Alec Burks,NY,SG,49,623,227,107,14,31,42,85.6,41.5,101,108,102,49,1254,3,0,1096.9
181,Robin Lopez,WAS,C,71,642,271,55,44,15,63.4,72.3,27.8,99,264,5,75,1353,3,0,1092.7
182,Jusuf Nurkic,POR,C,37,424,332,125,39,38,51.4,61.9,40,70,159,12,73,880,13,0,1090.9
183,Tyus Jones,MEM,PG,70,442,140,259,6,64,43.1,91.1,32.1,41,133,45,48,1222,2,0,1090.5
184,Tristan Thompson,BOS,C,54,409,439,67,33,24,51.8,59.2,0,71,169,0,62,1286,5,0,1088.3
185,Paul Millsap,DEN,PF,56,502,262,98,36,51,47.6,72.4,34.3,71,142,49,51,1162,2,0,1086.4
186,Danilo Gallinari,ATL,SF,51,676,211,76,10,30,43.4,92.5,40.6,161,103,103,43,1221,2,0,1080.2
187,Marvin Bagley III,SAC,PF,43,608,318,43,21,21,50.4,57.5,34.3,77,210,37,59,1111,11,0,1079.1
188,Raul Neto,WAS,PG,64,557,156,146,6,73,46.8,88.2,39,75,145,64,53,1403,0,0,1068.2
189,Jarred Vanderbilt,MIN,PF,64,344,368,76,46,64,60.6,55.9,20,57,142,1,53,1139,3,0,1066.6
190,Malik Beasley,MIN,SG,37,724,162,88,7,30,44,85,39.9,68,136,128,60,1214,0,0,1064.4
191,Derrick Favors,UTA,PF,68,369,376,44,68,32,63.8,73.8,0,59,155,0,36,1039,1,0,1050.2
192,Cameron Payne,PHO,PG,60,505,144,217,16,36,48.4,89.3,44,50,118,73,60,1079,1,0,1047.3
193,Kent Bazemore,GS,SG,67,481,229,108,33,69,44.9,69.2,40.8,54,101,75,82,1333,1,0,1039.8
194,Tomas Satoransky,CHI,PG,58,447,142,271,14,40,51.4,84.8,35.6,67,127,42,96,1306,1,0,1035.9
195,Lonnie Walker IV,SA,SG,60,669,155,101,15,29,42,81.4,35.5,57,156,100,65,1521,0,0,1029.5
196,Facundo Campazzo,DEN,PG,65,396,134,232,14,79,38.1,87.9,35.2,80,44,76,73,1424,1,0,1017.8
197,Blake Griffin,BKN,PF,46,505,225,140,15,32,42.3,74.4,34.1,87,104,70,62,1194,2,0,1017
198,Cody Zeller,CHA,C,48,451,328,86,17,27,55.9,71.4,14.3,85,177,4,51,1005,8,0,1010.6
199,Cameron Johnson,PHO,PF,60,573,199,86,16,37,42,84.7,34.9,50,86,117,40,1437,0,0,1006.8
200,Davis Bertans,WAS,SF,57,655,168,49,13,33,40.4,87,39.5,100,24,169,33,1463,0,0,989.1
201,Bismack Biyombo,CHA,C,66,331,347,81,74,17,58.7,44.8,0,47,142,0,71,1348,3,0,979.9
202,De'Anthony Melton,MEM,PG,52,472,161,132,31,60,43.8,80.4,41.2,41,85,87,66,1045,1,0,979.2
203,Serge Ibaka,LAC,PF,41,454,275,74,47,9,51,81.1,33.9,43,147,39,44,954,5,0,963
204,Terance Mann,LAC,PG,67,472,242,104,13,29,50.9,83,41.8,78,140,38,40,1263,2,0,962.4
205,Sviatoslav Mykhailiuk,OKC,SF,66,559,163,110,12,51,41.1,76,33.4,38,103,105,88,1324,0,0,957.6
205,Moses Brown,OKC,C,43,370,383,10,47,31,54.5,61.9,0,78,146,0,43,920,12,0,957.6
207,Jaden McDaniels,MIN,PF,63,427,232,71,60,35,44.7,60,36.4,27,92,72,47,1510,0,0,954.9
208,Derrick White,SA,PG,36,553,107,127,36,26,41.1,85.1,34.6,97,102,84,45,1063,0,0,950.9
209,Grayson Allen,MEM,SG,50,532,160,108,8,46,41.8,86.8,39.1,79,66,107,48,1259,0,0,946
210,JaMychal Green,DEN,PF,58,471,277,53,22,26,46.3,80.7,39.9,46,94,79,53,1119,1,0,925.9
211,Alex Len,WAS,C,64,423,260,49,64,20,61.5,62.9,32,73,163,8,55,978,2,0,921.5
212,Xavier Tillman Sr.,MEM,C,59,390,256,75,33,44,55.9,64.2,33.8,34,145,22,45,1084,2,0,918.7
213,Payton Pritchard,BOS,PG,66,510,158,120,9,37,44,88.9,41.1,40,82,102,53,1267,0,0,918.6
214,Bryn Forbes,MIL,SG,70,701,112,45,1,24,47.3,77,45.2,47,96,154,44,1357,1,0,908.9
215,Nickeil Alexander-Walker,NO,PG,46,508,144,102,22,47,41.9,72.7,34.7,48,116,76,69,1006,0,0,902.8
216,Jaxson Hayes,NO,PF,60,449,257,35,38,25,62.5,77.5,42.9,93,169,6,39,963,0,0,896.9
217,Willy Hernangomez,NO,C,47,365,334,50,23,22,56.3,66.7,10,62,150,1,34,846,11,0,896.8
218,Alex Caruso,LAL,SG,58,370,170,160,15,64,43.6,64.5,40.1,49,78,55,76,1216,0,0,896
219,Terence Davis,SAC,SG,61,533,154,83,14,44,42.8,81.8,36.7,45,97,98,63,1074,0,0,895.3
220,Jordan Poole,GS,PG,51,612,92,99,9,26,43.2,88.2,35.1,105,108,97,51,987,0,0,889.9
221,Garrett Temple,CHI,SG,56,423,160,124,30,43,41.5,80,33.5,40,91,67,58,1528,0,0,889
222,Kenyon Martin Jr.,HOU,SF,45,419,242,48,41,30,50.9,71.4,36.5,60,127,35,38,1067,4,0,885.4
223,Landry Shamet,BKN,SG,61,567,112,99,10,31,40.8,84.6,38.7,66,57,129,48,1408,0,0,883.9
224,Luke Kennard,LAC,SG,63,520,161,104,9,22,47.6,83.9,44.6,26,97,100,48,1232,1,0,883.2
225,Monte Morris,DEN,PG,47,481,96,150,13,34,48.1,79.5,38.1,58,135,51,34,1196,0,0,881.2
226,Juan Toscano-Anderson,GS,PF,53,301,234,150,26,41,57.9,71,40.2,22,84,37,61,1107,0,0,879.8
227,Larry Nance Jr.,CLE,PF,35,327,235,107,17,61,47.1,61.2,36,30,87,41,55,1091,5,0,870.5
228,Andre Iguodala,MIA,SF,63,275,221,142,35,57,38.3,65.8,33,25,35,60,67,1338,0,0,870.2
229,Kevon Looney,GS,SF,61,251,322,119,22,21,54.8,64.6,23.5,31,104,4,37,1160,0,0,864.9
230,Markieff Morris,LAL,PF,61,407,266,73,19,22,40.5,72,31.1,36,88,65,54,1200,2,0,863.7
231,Derrick Jones Jr.,POR,SF,58,396,205,47,54,37,48.4,64.8,31.6,59,104,43,32,1319,0,0,862.5
232,Daniel Gafford,WAS,PF,54,380,231,29,75,26,68.4,66.7,0,72,154,0,41,791,2,0,861.7
233,Maximilian Kleber,DAL,PF,50,353,260,68,35,24,42.2,91.9,41,34,29,87,30,1340,0,0,855
234,Sterling Brown,HOU,SG,51,416,224,72,12,38,44.8,80.6,42.3,25,59,91,41,1228,2,0,851.8
235,DeMarcus Cousins,LAC,C,41,366,263,76,24,34,42.6,72.8,34.8,59,83,47,64,712,7,0,847.6
236,Mohamed Bamba,ORL,C,46,367,265,35,58,14,47.2,68.2,32.2,45,104,38,37,724,4,0,844.5
237,James Johnson,NO,PF,51,368,177,98,42,42,44.6,59.2,25.8,45,115,31,55,1043,0,0,840.4
238,Al Horford,OKC,PF,28,398,188,94,26,25,45,81.8,36.8,18,106,56,29,781,1,0,837.6
239,Denzel Valentine,CHI,SF,62,406,197,105,7,30,37.3,94.1,33.1,16,75,80,42,1035,0,0,831.9
240,Tyrese Maxey,PHI,SG,61,488,104,120,13,26,46.2,87.1,30.1,61,167,31,41,935,0,0,829.8
241,Furkan Korkmaz,PHI,SG,55,501,113,82,9,49,40.1,73.2,37.5,60,69,101,46,1061,0,0,829.6
242,D.J. Augustin,HOU,PG,57,438,94,188,1,28,39.4,90.4,38.2,85,52,83,65,1128,0,0,825.8
243,Dean Wade,CLE,PF,63,376,215,74,21,34,43.1,76.9,36.6,30,56,78,30,1212,1,0,825
244,Aaron Holiday,IND,PG,66,475,89,124,13,46,39,81.9,36.8,68,103,67,66,1176,1,0,819.8
245,Chuma Okeke,ORL,PF,45,349,181,101,22,48,41.7,75,34.8,30,86,49,38,1132,0,0,819.7
246,Matisse Thybulle,PHI,PG,65,255,124,63,71,105,42,44.4,30.1,8,59,43,32,1297,0,0,818.3
247,Georges Niang,UTA,SF,72,500,176,59,8,25,43.7,95.7,42.5,22,53,124,51,1154,1,0,814.7
248,Anfernee Simons,POR,SG,64,502,140,89,8,18,41.9,80.7,42.6,46,48,120,43,1104,0,0,812.5
249,Deni Avdija,WAS,SF,54,342,262,63,15,32,41.7,64.4,31.5,29,77,53,33,1256,2,0,811.9
250,Dwight Powell,DAL,PF,58,342,234,63,30,36,61.9,78.2,23.8,97,115,5,40,965,1,0,809.3
251,P.J. Dozier,DEN,PG,50,385,182,92,22,31,41.7,63.6,31.5,42,101,47,46,1088,0,0,801.4
252,Marc Gasol,LAL,C,52,262,215,109,58,26,45.4,72,41,36,38,50,53,993,0,0,798.5
253,James Wiseman,GS,C,39,448,226,26,36,11,51.9,62.8,31.6,54,179,12,60,835,3,0,792.2
254,Aleksej Pokuševski,OKC,PF,45,367,212,97,42,20,34.1,73.8,28,31,81,58,99,1089,1,0,791.9
255,Ish Smith,WAS,PG,44,295,150,172,13,32,43.4,57.6,36.7,19,111,18,41,923,0,0,782
256,Dario Saric,PHO,PF,50,437,191,65,4,30,44.7,84.8,34.8,84,106,47,57,870,0,0,774.7
257,JaVale McGee,DEN,C,46,337,239,39,54,19,51.1,65.7,20.8,44,139,5,60,678,1,0,768.3
258,Solomon Hill,ATL,SF,71,317,214,75,11,50,35.9,76.1,32.1,35,39,68,42,1513,0,0,766.3
259,Damion Lee,GS,SG,57,373,180,73,8,38,46.7,90.9,39.7,40,51,77,30,1078,0,0,760.5
260,Kevin Porter Jr.,HOU,PG,26,431,99,164,8,19,42.5,73.4,31.1,69,106,50,91,835,4,0,758.8
261,Brad Wanamaker,CHA,PG,61,336,105,174,11,42,38.5,89.1,18.8,90,99,16,71,1053,0,0,758
262,Aron Baynes,TOR,C,53,324,274,47,23,16,44.1,70.7,26.2,29,107,27,46,980,2,0,755.3
263,Drew Eubanks,SA,C,54,311,241,42,49,18,56.6,72.6,100,77,114,2,45,755,3,0,752.2
264,Malachi Flynn,TOR,PG,47,353,116,137,7,38,37.4,80.4,32.1,45,73,54,43,927,1,0,744.7
265,Jordan McLaughlin,MIN,PG,51,256,108,193,6,51,41.3,76.7,35.9,23,67,33,51,938,0,0,738.1
266,Devin Vassell,SA,SG,62,341,174,56,18,43,40.6,84.3,34.7,43,71,52,22,1055,0,0,733.8
267,Taj Gibson,NY,PF,45,241,250,36,49,31,62.7,72.7,20,40,96,3,22,935,0,0,733
268,Malik Monk,CHA,SG,42,490,101,87,4,19,43.4,81.9,40.1,59,88,85,55,878,0,0,732.7
269,Taurean Prince,CLE,SF,41,389,142,76,23,28,40.1,85.5,40,65,69,62,47,905,0,0,728.4
270,Josh Okogie,MIN,SG,59,316,156,63,28,54,40.2,76.9,26.9,83,73,29,43,1196,0,0,718.7
271,Mitchell Robinson,NY,C,31,256,252,17,45,35,65.3,49.1,0,26,115,0,26,852,5,0,717.9
272,Willie Cauley-Stein,DAL,C,53,280,236,35,43,21,63.2,62.8,9.1,49,114,1,29,906,1,0,714.7
273,R.J. Hampton,ORL,PG,52,354,179,86,10,21,43.5,67.1,31,55,109,27,52,935,3,0,707.8
274,Jeff Teague,MIL,PG,55,371,88,132,12,34,43.5,84.8,43.9,89,87,36,64,950,0,0,702.6
275,Deandre Bembry,TOR,SF,51,293,146,107,18,53,51.3,68.2,26.4,45,103,14,71,971,0,0,699.7
276,Tony Bradley,OKC,C,42,300,239,37,30,15,66.5,69.1,0,38,131,0,33,684,3,0,699.3
277,Juan Hernangomez,MIN,PF,52,375,205,35,7,19,43.5,61.9,32.7,60,75,55,27,900,0,0,698.5
278,Frank Kaminsky,PHO,PF,47,310,188,79,17,14,47.1,61.7,36.5,37,90,31,22,714,2,0,694.1
279,Jeremy Lamb,IND,SG,36,363,131,53,23,34,43.5,94.7,40.6,71,68,52,22,765,0,0,691.7
280,Saben Lee,DET,PG,48,267,97,174,13,32,47.1,68.5,34.8,61,91,8,55,780,0,0,679.4
281,James Ennis,ORL,SF,41,345,166,62,7,32,47.3,80.5,43.3,70,70,45,36,986,1,0,679.2
282,Jalen McDaniels,CHA,PF,47,346,169,53,19,28,46.8,70.3,33.3,45,98,35,45,903,2,0,677.3
283,Kira Lewis Jr.,NO,PG,54,343,71,124,10,38,38.6,84.3,33.3,43,90,40,34,904,0,0,676.2
284,Rajon Rondo,LAC,PG,45,242,110,199,4,37,44.2,94.1,40.4,16,59,36,79,769,0,0,675.5
285,Stanley Johnson,TOR,SF,61,267,152,89,19,52,38.4,80,32.8,44,44,45,54,1005,2,0,670.9
286,Torrey Craig,PHO,SF,50,274,197,49,26,28,48,77.3,36.8,17,70,39,25,803,2,0,666.9
287,Wayne Ellington,DET,SG,46,442,85,67,9,18,44.1,80,42.2,28,33,116,33,1011,0,0,665.5
288,Timothe Luwawu-Cabarrot,BKN,SG,58,370,129,69,6,33,36.5,81.4,31.4,35,55,75,43,1050,0,0,663.3
289,Eric Gordon,HOU,SG,28,481,58,71,13,14,43.3,82.5,32.9,94,90,69,51,788,0,0,660.1
290,Grant Williams,BOS,PF,63,294,178,64,24,32,43.7,58.8,37.2,30,60,48,56,1137,0,0,659.6
291,Hassan Whiteside,SAC,C,36,293,215,20,46,9,56.2,51.9,0,41,126,0,40,545,4,0,651
292,Trey Burke,DAL,PG,62,411,54,81,7,36,42.8,89.5,35.4,51,93,58,33,911,0,0,650.3
293,Precious Achiuwa,MIA,PF,61,304,208,29,28,20,54.4,50.9,0,56,124,0,43,737,3,0,650.1
294,Michael Carter-Williams,ORL,PG,31,274,139,129,17,25,38.9,61.2,24.6,49,90,15,69,799,0,0,649.3
295,Ty Jerome,OKC,PG,33,353,91,120,6,20,44.6,76.5,42.3,26,57,71,47,787,0,0,647.2
296,Gary Harris,ORL,SG,39,388,79,78,11,28,40,82.1,34,64,90,48,37,1080,0,0,640.8
297,Jaylen Nowell,MIN,PG,42,379,95,62,12,22,42.4,81.8,33.3,45,92,50,28,759,0,0,626
298,Kevin Love,CLE,PF,25,305,186,63,2,16,40.9,82.4,36.5,42,46,57,38,622,5,0,620.7
299,Edmond Sumner,IND,PG,53,399,94,49,10,33,52.3,81.9,39.8,68,113,35,51,861,0,0,620.3
300,LaMarcus Aldridge,BKN,PF,26,352,118,49,29,11,47.3,87.2,38.8,41,109,31,27,674,1,0,620.1
301,Patrick Beverley,LAC,PG,37,278,119,76,28,29,42.3,80,39.7,36,37,56,34,832,0,0,614.8
302,Danuel House Jr.,HOU,PF,36,315,132,69,16,20,40.4,65.1,34.6,41,56,54,36,932,0,0,612.9
303,Trevor Ariza,MIA,SF,30,282,144,55,18,30,41.1,77.3,35,34,49,50,21,840,1,0,612.3
304,Isaiah Hartenstein,CLE,PF,47,236,181,55,39,19,55,64.8,33.3,46,92,2,44,560,1,0,607.7
305,P.J. Tucker,MIL,SF,52,193,204,61,20,39,37.3,75,33.6,21,26,40,40,1347,0,0,607.3
306,Ben McLemore,LAL,SG,53,406,100,39,9,23,37,73.6,34.6,39,38,97,42,904,0,0,606.5
307,Eric Paschall,GS,PF,40,381,128,51,7,12,49.7,71.3,33.3,67,130,18,43,694,0,0,606.1
308,Moritz Wagner,ORL,PF,45,310,146,50,18,26,45.4,81.6,34.1,71,73,31,43,721,1,0,605.2
309,Caleb Martin,CHA,SF,53,264,141,67,12,37,37.5,64.1,24.8,41,65,31,33,818,1,0,598.7
310,Naji Marshall,NO,SF,32,246,148,88,10,26,39.2,70.7,34.9,53,53,29,38,699,3,0,589.6
311,Cody Martin,CHA,PF,52,207,161,86,12,38,44.1,58.1,27.6,25,67,16,40,849,1,0,589.2
312,Goga Bitadze,IND,C,45,231,150,37,60,9,42.8,73.8,25.3,45,63,20,17,561,0,0,587.5
313,De'Andre Hunter,ATL,SF,23,344,110,44,12,19,48.4,85.9,32.6,73,89,31,29,677,1,0,575
314,Nicolas Claxton,BKN,PF,32,212,166,28,40,23,62.1,48.4,20,31,89,1,18,594,1,0,561.2
315,Garrison Mathews,WAS,PG,64,354,87,26,7,29,40.9,88.4,38.4,84,21,76,10,1037,0,0,559.4
316,Mike Muscala,OKC,PF,35,339,132,28,11,8,44.6,91.7,37,33,51,68,21,645,0,0,556.4
317,Damyean Dotson,CLE,SG,46,308,93,91,4,16,40.6,66.7,28.9,24,73,46,42,907,0,0,554.1
318,Wesley Matthews,LAL,SG,58,279,93,54,16,38,35.3,85.4,33.5,35,23,66,26,1129,0,0,553.6
319,Otto Porter,ORL,SF,28,271,152,55,4,16,43.2,85.7,37.5,36,59,39,25,606,2,0,550.9
320,Gorgui Dieng,SA,C,38,258,140,48,16,26,52.1,86.6,42.9,58,55,30,32,552,0,0,550
321,David Nwaba,HOU,SG,30,276,118,31,21,30,48.6,69.1,27,47,89,17,17,678,1,0,549.1
321,Sekou Doumbouya,DET,PF,56,285,143,47,9,24,37.9,70.3,22.6,45,81,26,44,869,0,0,549.1
323,Frank Jackson,DET,PG,40,390,86,36,1,15,45.7,81.3,40.7,61,73,61,35,738,0,0,544.2
324,Yuta Watanabe,TOR,SF,50,218,159,40,19,26,43.9,82.8,40,24,43,36,19,722,0,0,539.8
325,Austin Rivers,DEN,PG,36,285,82,81,2,30,42.4,71,36.9,22,49,55,36,844,0,0,532.9
326,Onyeka Okongwu,ATL,C,50,228,163,18,32,23,64.4,63.2,0,36,96,0,29,601,2,0,531.6
327,Jevon Carter,PHO,PG,60,248,92,71,9,29,42.2,57.1,37.1,4,38,56,16,716,1,0,524.9
328,Cam Reddish,ATL,SF,26,292,104,35,9,33,36.5,81.7,26.2,67,63,33,34,750,0,0,519.3
329,Nemanja Bjelica,MIA,PF,37,242,127,69,5,15,45.4,72.5,31.8,37,62,27,33,595,0,0,504.9
329,Semi Ojeleye,BOS,PF,56,260,147,37,0,17,40.3,75,36.7,24,31,58,21,948,0,0,504.9
331,Obi Toppin,NY,PF,62,253,138,29,15,17,49.8,73.1,30.6,19,78,26,23,683,0,0,503.1
332,Tony Snell,ATL,SG,47,249,112,59,11,13,51.5,100,56.9,11,26,62,21,992,0,0,498.9
333,Chasson Randle,ORL,PG,41,266,82,74,5,23,38.8,79.2,33.8,38,48,44,46,837,0,0,485.4
334,Mychal Mulder,GS,PG,60,337,60,26,12,12,44.9,63.6,39.7,14,34,85,16,765,0,0,480
335,Rodney Hood,TOR,SG,55,246,103,53,7,24,36.2,85.7,30.1,24,60,34,36,942,0,0,475.1
336,Mike Scott,PHI,PF,51,213,120,40,14,24,36,66.7,34.2,8,23,53,19,851,0,0,474
337,J.J. Redick,DAL,SF,44,327,64,51,3,11,39.7,94.2,37.1,49,40,66,36,723,0,0,472.3
338,George Hill,PHI,PG,30,261,61,73,5,23,48.2,80,38.8,40,64,31,31,671,0,0,468.7
339,John Konchar,MEM,PG,43,184,128,47,9,30,50,83.3,37.5,25,48,21,18,574,0,0,468.1
340,Oshae Brissett,IND,PF,21,229,115,18,20,19,48.3,76.9,42.3,50,40,33,10,519,5,0,462
341,Killian Hayes,DET,PG,26,176,69,138,10,27,35.3,82.4,27.8,14,51,20,83,670,0,0,456.8
342,Brandon Goodwin,ATL,PG,47,228,69,95,0,16,37.7,65.1,31.1,28,52,32,36,619,0,0,449.3
343,Maurice Harkless,SAC,SF,37,194,89,44,20,30,41.8,76.7,27.4,33,46,23,22,771,0,0,444.8
344,Chimezie Metu,SAC,PF,36,226,112,28,18,14,50.6,72.1,35.1,31,78,13,29,488,0,0,437.4
345,Aaron Nesmith,BOS,SF,46,218,127,23,9,15,43.8,78.6,37,22,38,40,23,668,0,0,429.9
346,Damian Jones,SAC,C,39,183,122,29,29,11,68,72.4,20,42,69,1,26,545,1,0,426.9
347,Nassir Little,POR,SF,48,220,128,23,13,5,46.7,80,35,36,50,28,18,640,0,0,426.1
348,Jake Layman,MIN,SF,46,231,67,28,19,29,49.5,70.3,29.5,26,68,23,26,627,0,0,423.4
349,Gabe Vincent,MIA,PG,50,242,56,67,2,21,37.8,87,30.9,20,42,46,34,654,1,0,421.7
350,Justin Jackson,MIL,SF,34,245,77,52,2,15,40.3,83.8,30.8,31,53,36,32,576,0,0,417.4
351,Justise Winslow,MEM,SF,26,178,118,50,12,15,35.2,57.1,18.5,20,64,10,37,507,1,0,411.6
352,Thanasis Antetokounmpo,MIL,SF,57,166,124,46,10,22,48.9,51,24.1,25,60,7,43,550,1,0,404.8
353,Tyler Johnson,BKN,SG,39,210,77,47,0,14,39.3,85.7,36.4,18,24,48,17,680,0,0,383.9
353,D.J. Wilson,HOU,PF,35,183,112,23,16,11,40.5,68,34.5,17,38,30,22,432,1,0,383.9
355,Dennis Smith Jr.,DET,PG,23,154,55,77,14,23,40,73.1,32.8,19,39,19,26,420,1,1,383.5
356,Nicolo Melli,DAL,PF,45,134,122,44,4,15,32.6,76,27.1,19,23,23,12,566,0,0,372.4
357,Dylan Windler,CLE,SF,31,161,107,33,12,19,43.8,77.8,33.8,21,31,26,32,512,1,0,368.9
358,Jarrett Culver,MIN,SG,34,180,104,24,9,17,41.1,60.4,24.5,29,56,13,28,499,1,0,364.8
359,Patrick Patterson,LAC,PF,38,197,75,29,8,14,43.6,76.5,35.7,13,32,40,11,581,0,0,363.5
360,Armoni Brooks,HOU,PG,20,223,68,30,5,12,40.6,58.3,38.2,7,18,60,22,520,0,0,361.6
361,Lamar Stevens,CLE,PF,40,165,96,25,13,17,45.6,72.5,16,37,58,4,23,498,1,0,354.7
362,Troy Brown,CHI,SF,34,161,105,29,6,10,43.1,71.4,31.4,15,40,22,21,523,0,0,341.5
363,Max Strus,MIA,PG,39,236,41,24,2,11,45.5,66.7,33.8,16,35,50,8,506,0,0,339.2
364,Harry Giles III,POR,PF,38,108,133,29,13,8,43.3,59.3,34.8,16,34,8,20,347,0,0,333.1
365,Avery Bradley,HOU,SG,27,173,57,46,3,21,37.4,80,32.7,12,31,33,28,601,0,0,330.4
366,Boban Marjanovic,DAL,C,33,156,128,10,6,2,50.8,81.6,12.5,31,61,1,12,271,3,0,328.6
367,Gary Clark,PHI,PF,39,119,115,31,7,13,30.3,80,28.7,8,9,31,17,652,0,0,326.5
368,Al-Farouq Aminu,CHI,PF,23,102,110,31,9,19,38.4,81.8,21.6,18,30,8,28,434,1,0,308.5
369,Ryan Arcidiacono,CHI,PG,44,136,67,56,0,9,41.9,65,37.3,13,24,25,10,450,0,0,308.4
370,Javonte Green,CHI,PF,41,146,71,17,6,28,52,75,33.3,30,43,10,19,473,0,0,305.7
371,Kelan Martin,IND,PF,35,157,78,17,10,10,44.9,90,40,9,38,24,16,322,0,0,300.1
372,Jaren Jackson Jr.,MEM,PF,11,158,62,12,18,12,42.4,83.3,28.3,35,36,17,15,258,0,0,295.4
373,Freddie Gillespie,TOR,PF,20,111,97,9,20,13,52.4,69.7,0,23,44,0,12,391,0,0,294.9
374,Tyler Cook,DET,PF,32,156,95,17,2,8,67,48.6,50,17,68,1,21,437,0,0,294.5
375,Luke Kornet,BOS,PF,31,106,67,24,32,4,43.6,50,25.4,3,29,15,7,347,0,0,287.4
376,Nico Mannion,GS,PG,30,123,46,70,1,16,34.2,82.1,36.7,23,17,22,31,363,0,0,286.2
377,Langston Galloway,PHO,SG,41,192,42,26,0,8,45.3,95.7,42.4,22,31,36,13,439,0,0,284.4
378,Mason Jones,PHI,SG,32,168,55,42,1,7,42.3,62.5,36.4,40,28,24,29,334,0,0,284
379,Kevin Knox,NY,SF,42,163,61,19,6,12,39.2,80,39.3,16,21,35,17,464,0,0,283.7
380,Abdel Nader,PHO,SF,24,160,62,19,9,10,49.1,75.7,41.9,28,39,18,19,355,0,0,281.9
381,Daquan Jeffries,SA,PG,31,127,71,22,10,15,41.7,87.5,29.9,7,30,20,14,492,0,0,281.2
382,Jordan Nwora,MIL,PF,30,171,60,7,7,16,45.9,76,45.2,19,34,28,24,273,2,0,275.5
383,Miye Oni,UTA,PG,54,105,84,28,8,11,35.4,83.3,34.1,5,5,30,16,519,0,0,269.8
384,E'Twaun Moore,PHO,SG,27,133,45,40,5,15,45.5,85.7,31.4,12,44,11,23,388,0,0,264
385,Ed Davis,MIN,PF,23,48,115,21,13,13,43.2,83.3,0,10,19,0,7,298,0,0,262.5
386,Brodric Thomas,CLE,SG,32,125,53,30,10,15,36.1,67.4,27.1,31,23,16,22,399,0,0,261.6
387,Josh Green,DAL,SG,39,101,78,28,3,16,45.2,56.5,16,13,38,4,17,444,0,0,257.6
388,Anthony Lamb,HOU,SF,24,133,70,23,5,6,39,85.7,32.4,18,23,23,19,415,0,0,254.5
389,Wesley Iwundu,NO,SF,41,99,90,18,4,15,33.3,83.9,12.2,26,29,5,19,538,0,0,253
390,Thomas Bryant,WAS,C,10,143,61,15,8,4,64.8,66.7,42.9,16,50,9,11,270,1,0,251.7
391,Dewayne Dedmon,MIA,C,17,113,86,12,6,9,70.8,74.1,20,20,45,1,13,211,1,0,251.2
392,Jakarr Sampson,IND,SF,29,134,77,4,14,2,49.6,65.5,20,19,53,3,15,316,0,0,249.4
393,Jaylen Hoard,OKC,PF,19,116,65,24,5,13,50,68.3,0,28,44,0,17,319,0,0,249
394,Nathan Knight,ATL,C,33,124,72,8,10,10,37,80,18.2,44,31,6,15,278,1,0,247.4
395,Trey Lyles,SA,PF,23,115,86,14,1,6,47.8,65.2,35,15,29,14,6,357,1,0,247.2
395,Isaiah Joe,PHI,SG,41,153,36,20,4,12,36.1,75,36.8,18,9,39,11,382,0,0,247.2
397,Zeke Nnaji,DEN,C,42,136,65,10,4,8,48.1,80,40.7,12,26,24,7,397,0,0,246
398,Jahlil Okafor,DET,C,27,145,66,13,5,6,61.8,70.8,22.2,17,61,2,21,347,0,0,244.7
399,Chandler Hutchison,WAS,SF,25,107,78,17,5,12,37.9,84,36.4,21,31,8,20,345,0,0,240.1
400,Luka Samanic,SA,PF,33,122,68,15,8,8,44.8,55.2,27.9,16,35,12,20,308,0,0,238.1
401,Alize Johnson,BKN,PF,18,94,90,14,5,5,58.8,100,16.7,13,39,1,9,196,2,0,234
401,Skylar Mays,ATL,SG,33,124,35,30,2,14,44.9,88,35,22,30,14,9,269,0,0,234
403,Amir Coffey,LAC,PF,44,140,44,22,0,10,43.7,71.1,41.1,27,22,23,15,394,0,0,230.8
404,KZ Okpala,MIA,PF,37,92,68,19,11,10,37.5,53.3,24,8,24,12,15,446,0,0,229.1
405,Chris Chiozza,BKN,PG,22,88,24,65,6,7,35.2,76.5,31,13,18,13,16,232,1,0,224.3
406,Tremont Waters,BOS,PG,26,99,21,62,1,15,40.5,94.1,39.5,16,19,15,27,237,0,0,222.2
407,Mfiondu Kabengele,CLE,PF,39,95,60,17,13,8,37.1,80,26,16,20,13,15,279,0,0,219.5
408,Justin James,SAC,PG,38,139,30,22,3,8,46.8,58.3,36.8,21,38,14,15,346,0,0,215
409,Matt Thomas,UTA,PG,45,139,44,19,0,4,39.4,85.7,33.8,12,23,27,14,326,0,0,214.3
410,Mike James,BKN,PG,13,100,32,54,1,6,37,77.8,35.5,21,23,11,20,247,0,0,213.4
411,Trent Forrest,UTA,PG,30,88,44,45,4,9,45.1,100,19.2,19,27,5,21,302,0,0,213.3
412,Paul Reed,PHI,PF,26,88,61,12,13,10,53.8,50,0,4,42,0,12,177,1,0,213.2
413,Isaac Bonga,WAS,PG,40,78,66,23,9,11,37,62.5,27.7,5,17,13,22,431,0,0,209.7
414,Glenn Robinson III,SAC,SG,23,121,45,20,3,4,42.4,91.3,36.4,21,26,16,11,369,0,0,208
415,Alfonzo McKinnie,LAL,SF,40,122,54,6,0,7,51.6,55.6,41,10,32,16,5,258,0,0,204.8
416,Shaquille Harrison,DEN,PG,35,73,48,25,5,17,33.3,81.8,18.8,18,23,3,11,365,0,0,201.1
417,Markelle Fultz,ORL,PG,8,103,25,43,2,8,39.4,89.5,25,17,37,4,18,215,1,0,199.5
417,Paul Watson,TOR,PG,27,111,45,17,3,6,46.3,62.5,46.9,5,8,30,9,296,0,0,199.5
419,Justin Patton,HOU,C,13,70,49,14,14,12,41.4,75,26.5,3,20,9,4,246,0,0,197.8
420,Reggie Perry,BKN,C,26,78,73,14,6,6,41,76.9,19,10,28,4,15,210,1,0,195.6
421,Frank Ntilikina,NY,PG,33,89,31,19,4,18,36.7,44.4,47.9,8,6,23,11,321,0,0,187.7
422,Donta Hall,ORL,C,13,73,62,11,10,5,71.4,67.6,0,23,25,0,8,179,1,0,185.9
423,Carsen Edwards,BOS,PG,31,123,26,14,1,7,42.3,84.6,28.6,11,29,18,7,275,0,0,184.2
424,Josh Hall,OKC,SF,21,86,59,28,1,4,30.3,50,10.8,22,26,4,25,336,1,0,183.8
425,Jerome Robinson,WAS,SG,17,83,38,25,6,12,29.5,80,26.2,16,17,11,19,304,0,0,183.1
426,Keita Bates-Diop,SA,SF,30,79,49,12,5,11,44.8,66.7,29.4,14,25,5,7,244,0,0,180.8
427,Tre Jones,SA,PG,38,94,21,39,0,8,47.4,89.5,60,17,34,3,13,277,0,0,180.7
428,Vlatko Cancar,DEN,SF,41,85,50,14,2,11,45.8,76.9,27.3,10,24,9,14,281,0,0,178
428,Gabriel Deck,OKC,SF,10,84,40,24,0,8,47.8,81.8,13.3,18,30,2,6,211,0,0,178
430,Anthony Gill,WAS,PF,26,80,51,11,4,10,50,81.2,29.2,13,23,7,8,217,0,0,177.7
431,Kyle Guy,SAC,PG,31,87,35,32,0,5,33,80,28.3,16,16,13,11,235,0,0,176
432,Ignas Brazdeikis,ORL,SF,13,91,45,18,3,4,42.2,71.4,39.3,10,24,11,13,248,0,0,173
433,Wenyen Gabriel,NO,PF,21,72,54,11,8,9,40,64.7,40.6,11,11,13,15,240,0,0,172.3
434,Khyri Thomas,HOU,SG,5,82,18,25,6,9,48.5,100,33.3,9,23,9,6,152,0,0,165.1
435,Sam Merrill,MIL,SG,30,89,30,21,1,8,44.4,100,44.7,4,11,21,10,232,0,0,164.5
436,Darius Miller,OKC,SF,18,73,24,21,5,13,45.8,100,40.5,12,5,17,8,196,0,0,161.3
437,Matthew Dellavedova,CLE,PG,13,36,24,58,1,4,25,100,16,4,10,4,6,224,0,0,155.8
438,Bruno Fernando,ATL,C,33,51,78,10,3,4,40.9,68.2,0,15,18,0,21,225,0,0,152.6
439,Rodney McGruder,DET,SG,16,91,22,16,1,8,52.9,75,45.8,6,26,11,7,193,0,0,152.4
440,Tacko Fall,BOS,C,18,47,52,3,20,1,72.4,33.3,0,5,21,0,6,135,0,0,149.9
441,Markus Howard,DEN,PG,37,105,21,18,1,4,37.7,77.8,27.7,7,22,18,18,204,0,0,149.2
442,Jalen Harris,TOR,SG,13,96,18,17,0,8,50,77.8,47.2,7,19,17,14,172,0,0,145.1
443,Jabari Parker,BOS,PF,13,72,42,11,5,1,54.5,76.9,18.2,10,28,2,10,165,0,0,140.9
444,Daniel Oturu,LAC,C,30,54,48,10,7,4,42.3,75,20,9,21,1,9,160,1,0,139.6
445,CJ Elleby,POR,SG,30,68,32,10,3,6,37.9,73.3,20.6,11,18,7,5,192,0,0,134.4
446,Romeo Langford,BOS,PG,19,56,35,13,5,6,35.6,75,27.8,9,16,5,10,283,0,0,129.5
447,Jarrell Brantley,UTA,PF,28,64,27,15,2,7,48.1,100,42.9,2,13,12,8,138,0,0,128.9
448,Yogi Ferrell,LAC,PG,10,56,19,22,3,7,35.1,77.8,32.1,7,11,9,3,136,0,0,128.8
449,Quinn Cook,CLE,PG,23,76,17,18,1,4,42.6,87.5,42.3,7,18,11,7,157,0,0,126.4
450,Ersan Ilyasova,UTA,PF,17,65,29,4,3,10,38.9,100,43.9,5,3,18,8,147,0,0,123.8
451,Killian Tillie,MEM,PF,18,57,24,8,8,5,33.3,81.8,30.3,9,9,10,2,181,0,0,121.8
452,Bol Bol,DEN,C,32,69,24,7,10,3,43.1,66.7,37.5,10,16,9,13,159,0,0,121.3
453,Mamadi Diakite,MIL,PF,14,44,34,8,6,7,40,78.6,12.5,11,15,1,3,141,0,0,119.8
454,Sindarius Thornwell,ORL,SG,21,41,18,21,2,12,32.6,50,30.4,4,8,7,7,216,0,0,115.1
455,Jordan Bone,ORL,PG,14,56,24,18,0,2,42.6,0,31.2,0,13,10,3,195,0,0,112.8
456,Jalen Smith,PHO,PF,27,53,37,4,5,1,44,71.4,23.5,5,18,4,7,155,1,0,108.4
457,Louis King,SAC,PF,6,44,18,9,3,6,50,100,36.4,6,13,4,3,83,0,0,94.1
458,Devontae Cacok,LAL,PF,20,39,31,1,4,5,58.6,45.5,0,5,17,0,5,97,0,0,90.7
459,Vernon Carey Jr.,CHA,C,19,46,27,2,5,1,50,81.8,14.3,9,17,1,5,114,0,0,88.4
460,Juwan Morgan,UTA,PF,29,35,28,9,1,4,46.7,42.9,30.8,3,10,4,4,147,0,0,88.1
461,Rondae Hollis-Jefferson,POR,SF,12,27,26,13,4,2,50,56.2,0,9,9,0,2,107,0,0,87.7
462,Rodions Kurucs,MIL,PF,22,31,23,10,4,9,34.4,75,28.6,3,5,6,13,139,0,0,86.6
463,T.J. Warren,IND,SF,4,62,14,5,0,2,52.9,80,0,8,27,0,4,117,0,0,86.3
464,Cameron Oliver,HOU,PF,4,43,21,5,4,2,57.6,25,30.8,1,15,4,3,87,1,0,84.7
465,Dakota Mathias,PHI,PG,8,48,7,13,3,1,39.6,33.3,30.8,2,11,8,1,123,0,0,82.9
466,Deividas Sirvydis,DET,SF,20,41,29,5,0,2,35,50,35.7,3,4,10,5,133,0,0,82.3
467,Quinndary Weatherspoon,SA,PG,20,46,11,8,2,8,45.7,81.2,16.7,13,15,1,10,121,0,0,81.2
468,Charlie Brown Jr.,OKC,PF,9,40,17,9,2,4,30.2,90,23.8,9,8,5,6,151,0,0,79.9
469,Chris Silva,SAC,C,15,32,27,6,6,1,62.5,73.3,100,11,9,1,10,92,0,0,77.4
470,Robert Franks,ORL,PF,7,43,14,5,3,3,46.4,92.3,33.3,12,8,5,2,100,0,0,77.3
471,Nate Hinton,DAL,SG,21,41,9,8,2,6,35.7,70,21.1,7,11,4,5,93,0,0,74.8
472,Sean McDermott,MEM,SG,18,39,19,4,3,2,39.4,100,22.7,8,8,5,4,157,0,0,73.8
473,Cristiano Felicio,CHI,C,18,23,26,9,0,4,53.8,56.2,0,9,7,0,4,83,0,0,71.7
474,Cassius Winston,WAS,PG,22,41,9,12,1,2,42.4,83.3,47.1,5,6,8,5,98,0,0,70.8
475,Jahmi'us Ramsey,SAC,PG,13,40,10,6,1,5,39.5,100,26.3,5,10,5,3,94,0,0,70
476,Dante Exum,HOU,PG,6,23,17,13,2,4,38.5,50,18.2,1,8,2,7,116,0,0,67.9
477,Thon Maker,CLE,C,8,30,18,4,4,2,55.6,90.9,0,10,10,0,3,76,0,0,66.6
478,Cassius Stanley,IND,SG,24,36,20,1,2,1,30.2,77.8,23.1,7,10,3,1,93,0,0,66.5
479,Jordan Bell,GS,PF,6,15,24,7,5,3,31.8,50,0,1,7,0,4,81,0,0,66.3
480,Alen Smailagic,GS,PF,15,28,16,4,5,3,40.7,33.3,40,2,7,4,5,83,0,0,64.2
481,Norvel Pelle,NY,C,13,20,19,2,9,1,53.3,66.7,0,4,8,0,3,83,0,0,62.8
482,Rayjon Tucker,PHI,PG,14,34,11,6,0,2,50,73.7,28.6,14,7,2,4,68,0,0,56.2
483,Jay Scrubb,LAC,SG,4,35,14,1,0,4,38.9,100,22.2,5,12,2,7,84,0,0,54.3
484,Gary Payton II,GS,PG,10,25,11,1,1,6,76.9,75,50,3,8,2,1,40,0,0,52.7
485,Frank Mason III,ORL,PG,4,25,12,12,0,0,37.5,71.4,40,5,7,2,5,79,0,0,52.4
486,Devin Cannady,ORL,PG,8,34,5,1,1,5,39.3,85.7,37.5,6,5,6,2,74,0,0,51.5
487,Spencer Dinwiddie,BKN,PG,3,20,13,9,1,2,37.5,100,28.6,6,4,2,5,64,0,0,50.1
488,Elijah Hughes,UTA,SG,18,31,9,6,1,1,33.3,75,34.8,3,2,8,6,63,0,0,48.8
489,Devon Dotson,CHI,PG,11,23,5,7,0,4,52.4,0,14.3,0,10,1,0,50,0,0,47.5
490,Robert Woodard II,SAC,SF,13,20,16,2,3,0,40,37.5,16.7,3,7,1,1,45,0,0,47.2
491,Justin Robinson,OKC,PG,9,21,7,9,0,3,33.3,60,28.6,3,3,4,2,87,0,0,46.9
492,Anderson Varejao,CLE,C,5,13,20,3,2,0,25,55.6,0,5,4,0,1,35,0,0,44.5
493,Jeremiah Martin,CLE,PG,9,22,7,4,2,5,27.3,20,25,1,6,3,6,73,0,0,44.4
494,Tyler Bey,DAL,PF,18,18,19,3,1,0,31.8,60,25,3,6,1,3,70,0,0,44.3
495,Tim Frazier,MEM,PG,5,8,8,16,1,2,15,33.3,0,2,3,0,4,61,0,0,43.6
496,Jontay Porter,MEM,C,11,22,14,1,1,3,53.3,60,37.5,3,5,3,7,53,0,0,41.3
497,Jared Dudley,LAL,SF,12,6,21,5,1,1,22.2,0,33.3,0,0,2,2,80,0,0,40.7
498,Anthony Tolliver,PHI,PF,11,17,10,2,2,3,23.5,83.3,28.6,5,0,4,3,98,0,0,39
499,Udoka Azubuike,UTA,C,15,16,13,0,4,1,44.4,80,0,8,4,0,3,57,0,0,38.6
500,Kostas Antetokounmpo,LAL,PF,15,12,19,1,4,2,30,46.2,0,6,3,0,11,55,0,0,37.3
501,Axel Toupane,MIL,SF,8,14,6,4,3,2,36.4,71.4,50,5,3,1,0,61,0,0,37.2
502,Henry Ellenson,TOR,PF,2,15,12,5,0,0,35.7,75,22.2,3,3,2,0,38,0,0,36.9
503,Andre Roberson,BKN,SG,5,6,15,4,1,3,14.3,50,12.5,1,1,1,2,62,0,0,36
504,Bruno Caboclo,HOU,SF,6,17,14,1,2,0,47.1,50,0,1,8,0,4,36,0,0,35.3
505,Tyrell Terry,DAL,PG,11,11,6,6,0,5,31.2,33.3,0,1,5,0,2,56,0,0,35.2
506,Karim Mane,ORL,PG,11,11,14,4,2,0,23.1,80,50,4,2,1,3,121,0,0,34.8
507,Marquese Chriss,SA,PF,2,13,13,2,2,0,35.7,50,20,2,4,1,2,26,0,0,33.6
508,Isaiah Thomas,NO,PG,3,23,4,5,0,1,33.3,100,25,2,6,3,6,48,0,0,31.3
509,Amida Brimah,IND,C,5,13,8,1,5,0,62.5,100,0,3,5,0,4,29,0,0,30.1
510,Vincent Poirier,NY,C,10,8,14,2,3,0,25,33.3,0,2,3,0,4,39,0,0,29.8
511,Adam Mokoka,CHI,SG,14,15,5,5,1,2,36.8,0,10,0,6,1,5,56,0,0,29.5
512,Keljin Blevins,POR,PG,17,12,10,4,0,2,25,0,25,0,3,2,5,74,0,0,29
512,Ty-Shon Alexander,PHO,PG,15,9,10,6,1,0,25,50,22.2,1,1,2,3,47,0,0,29
514,James Nunnally,NO,SF,9,15,9,3,0,0,38.5,50,33.3,1,1,4,2,47,0,0,28.3
515,Nick Richards,CHA,C,18,15,11,2,0,0,44.4,63.6,0,7,4,0,3,62,0,0,28.2
516,Elijah Bryant,MIL,PG,1,16,6,3,1,0,46.2,100,20,3,5,1,4,31,0,0,25.7
517,Grant Riller,CHA,PG,7,18,1,3,0,1,66.7,0,50,0,6,2,1,27,0,0,24.7
518,Cameron Reynolds,HOU,PG,5,15,5,2,0,0,33.3,0,25,0,3,3,0,40,0,0,24
519,TJ Leaf,POR,PF,7,12,5,1,1,2,50,100,0,2,5,0,2,35,0,0,23.5
520,Kris Dunn,ATL,PG,4,5,6,2,2,2,8.3,75,0,3,1,0,3,45,0,0,20.2
520,Marques Bolden,CLE,C,6,7,6,0,2,2,33.3,62.5,0,5,1,0,2,28,0,0,20.2
522,Meyers Leonard,OKC,C,3,10,7,2,0,0,42.9,50,42.9,1,0,3,2,29,0,0,19.4
523,Patrick McCaw,TOR,SG,5,5,3,4,0,2,100,100,0,3,1,0,0,33,0,0,18.6
524,Marcos Louzada Silva,NO,PG,3,8,3,3,0,2,23.1,0,25,0,1,2,3,56,0,0,17.1
525,Jalen Lecque,IND,PG,4,5,5,2,0,0,11.1,100,0,3,1,0,0,12,0,0,14
526,Nate Darling,CHA,SG,7,9,1,1,1,0,28.6,100,28.6,3,0,2,1,26,0,0,12.7
527,Ray Spalding,HOU,PF,2,4,4,0,2,0,50,0,0,0,2,0,3,18,0,0,9.8
528,Jaylen Adams,MIL,PG,7,2,3,2,0,0,12.5,0,0,0,1,0,0,18,0,0,8.6
529,Theo Pinson,NY,PG,18,2,5,1,0,0,11.1,0,0,0,1,0,1,34,0,0,8.5
530,Brian Bowen,IND,PF,6,3,3,0,0,0,25,100,0,1,1,0,0,14,0,0,6.6
530,Malik Fitts,LAC,PF,3,3,3,0,0,0,33.3,0,50,0,0,1,0,10,0,0,6.6
532,Udonis Haslem,MIA,PF,1,4,1,0,0,0,100,0,0,0,2,0,0,2,0,0,5.2
533,Iman Shumpert,BKN,SG,2,2,1,0,0,1,25,0,0,0,1,0,1,10,0,0,4.2
533,Terrance Ferguson,NY,SG,14,2,1,2,0,1,14.3,0,0,0,1,0,4,49,0,0,4.2
535,Jared Harper,NY,PG,8,3,2,1,0,0,0,75,0,3,0,0,3,16,0,0,3.9
536,Noah Vonleh,BKN,PF,4,0,1,1,0,0,0,0,0,0,0,0,2,10,0,0,0.7
537,Klay Thompson,GS,SG,0,0,0,0,0,0,0,0,0,0,0,0,0,0,0,0,0
537,John Henson,NY,PF,0,0,0,0,0,0,0,0,0,0,0,0,0,0,0,0,0
537,Greg Whittington,DEN,SF,4,0,0,0,0,0,0,0,0,0,0,0,0,12,0,0,0
537,Chris Udofia,OKC,,0,0,0,0,0,0,0,0,0,0,0,0,0,0,0,0,0
537,Chris Babcock,NY,PF,0,0,0,0,0,0,0,0,0,0,0,0,0,0,0,0,0
537,Jonathan Isaac,ORL,PF,0,0,0,0,0,0,0,0,0,0,0,0,0,0,0,0,0
537,Zach Collins,POR,C,1,0,0,0,0,0,0,0,0,0,0,0,0,24,0,0,0
537,Omari Spellman,NY,PF,0,0,0,0,0,0,0,0,0,0,0,0,0,0,0,0,0
537,Chris Clemons,HOU,PG,0,0,0,0,0,0,0,0,0,0,0,0,0,0,0,0,0
537,Ömer Yurtseven,MIA,C,0,0,0,0,0,0,0,0,0,0,0,0,0,0,0,0,0
537,Myles Powell,NY,PG,0,0,0,0,0,0,0,0,0,0,0,0,0,0,0,0,0
537,Luca Vildoza,NY,PG,0,0,0,0,0,0,0,0,0,0,0,0,0,0,0,0,0
549,Ashton Hagans,MIN,PG,2,0,0,0,0,0,0,0,0,0,0,0,1,4,0,0,-1
549,Will Magnay,NO,C,1,0,0,0,0,0,0,0,0,0,0,0,1,3,0,0,-1
551,Anzejs Pasecniks,WAS,C,1,0,1,1,0,0,0,0,0,0,0,0,5,6,0,0,-2.3